URL,BRUSCHATKA
https://i.imgur.com/W35MbDt.png,gisht palichka
https://i.imgur.com/3Rcz344.png,vetnam silliq 6/6
https://i.imgur.com/wq2kRWD.png,madrid
https://i.imgur.com/ae6i4FJ.png,vetnam grand 6/6
https://i.imgur.com/CWl1pdk.png,rombek
https://i.imgur.com/jbefjHN.png,marokash kubikcha
https://i.imgur.com/s9zUrTc.png,gisht 6/6
https://i.imgur.com/8TKZyUu.png,naqsh 30/30
https://i.imgur.com/t3ZUNx9.png,marokash palichka
https://i.imgur.com/uIqx110.png,30/30 grand
https://i.imgur.com/jobRI9z.png,gisht 2
https://i.imgur.com/v0RFaGn.png,20/20 grand 6/6
https://i.imgur.com/wHVXKBF.png://i.imgur.com/ZauNcJq.png,30/30 10/30
https://i.imgur.com/VZGJSOW.png,30/30 bolasi 16.5/12.5
https://i.imgur.com/q2pubML.png,fayz
https://i.imgur.com/HcQZAUe.png,20/20 silliq 6/6
"www: jizzax-stroy.uz
Vaxob +998915664444

t.me  @Vaxob2007

Elyor +998915992222

t.me @Elyor5992222

Bobur +998982611616

t.me @Boburmirzo1987

Instagram: https://www.instagram.com/jsp_uz/

Facebook: https://www.facebook.com/jizzaxstroy.produkt

Muljal: Jizzax shaxri ""Islomjon"" choyxonasi va ""Jizzax Plasmassa zavod""",Kontaktlar
